t,target_rate,client_published_total,queue_depth,ready,unacked,consumed_total,publish_rate,consume_rate,backlog_calc,consumers
1.0,0,0,0,0,0,0,0.0,0.0,0,8
2.0,0,0,0,0,0,0,0.0,0.0,0,8
3.0,3000,191,0,0,0,0,67.2,0.0,68,8
4.1,3000,3782,0,0,0,156,3000.2,149.0,3054,8
5.3,3000,7092,2905,655,2250,829,2998.2,562.4,5969,9
6.4,3000,10109,2905,655,2250,1758,3001.3,843.6,8345,9
7.4,3000,13133,2905,655,2250,3185,2994.6,1413.6,9941,9
8.4,3000,16389,2905,655,2250,4866,3002.0,1670.4,11281,9
9.5,3000,19406,12267,10017,2250,6523,3003.6,1529.5,12878,9
10.5,3000,22685,12267,10017,2250,8341,2996.2,1799.5,14087,9
11.6,3000,25993,12267,10017,2250,10536,3001.1,2013.3,15164,9
12.7,3000,29285,12267,10017,2250,12506,3002.3,1787.9,16502,9
13.8,3000,32581,12267,10017,2250,14911,3000.9,2191.7,17390,9
14.9,3000,35891,17720,15220,2500,17169,3000.1,2051.5,18434,10
16.0,3000,39193,17720,15220,2500,19741,2997.1,2331.7,19168,10
17.1,3000,42486,17720,15220,2500,22457,3001.6,2473.4,19748,10
18.2,3000,45510,17720,15220,2500,25352,3000.0,2634.2,20150,10
19.2,3000,48788,17720,15220,2500,28815,2998.0,3443.5,19702,10
20.3,3000,52086,20093,17593,2500,32332,3002.7,3207.0,19478,10
21.4,3000,55107,20093,17593,2500,38527,2997.2,5650.5,16569,10
22.4,3000,58386,20093,17593,2500,45244,3003.1,6650.8,12885,10
23.5,3000,61410,20093,17593,2500,49603,2997.7,3994.8,11797,10
24.5,3000,64688,11407,8657,2750,54395,3001.9,4763.3,10025,11
25.6,3000,67707,11407,8657,2750,59795,2999.2,4942.1,7902,11
26.6,3000,70725,11407,8657,2750,64552,3000.9,4722.3,6168,11
27.6,3000,73989,11407,8657,2750,68479,2995.8,3900.7,5257,11
28.7,3000,77019,11407,8657,2750,74058,3002.5,5117.9,2951,11
29.7,3000,80293,2598,0,2598,79524,2998.7,5429.2,504,11
30.8,3000,83310,2598,0,2598,83310,2999.1,3467.1,-7,11
31.8,3000,86339,2598,0,2598,86334,3001.3,2998.3,-4,11
32.8,3000,89361,2598,0,2598,89354,3001.0,2999.1,-2,11
33.8,3000,92375,2598,0,2598,92375,2997.0,3001.0,-6,11
34.8,3000,95395,177,0,177,95390,3004.5,2999.6,-1,12
35.8,3000,98412,177,0,177,98408,2998.8,2999.8,-2,12
36.8,3000,101587,177,0,177,101434,2997.4,3001.3,-6,12
37.9,3000,104598,177,0,177,104598,3000.8,2999.9,-5,12
38.9,3000,107618,177,0,177,107615,3000.7,2998.7,-3,12
39.9,3000,110639,0,0,0,110638,2996.7,3000.7,-7,12
40.9,3000,113659,0,0,0,113659,3001.8,2999.8,-5,12
41.9,3000,116687,0,0,0,116686,2998.8,3000.7,-7,12
42.9,3000,119714,0,0,0,119714,3000.3,3001.3,-8,12
43.9,3000,122743,0,0,0,122743,3000.8,2998.8,-6,12
44.9,3000,125772,0,0,0,125772,3001.9,3000.9,-5,13
45.9,3000,128799,0,0,0,128793,3001.1,2996.2,0,13
46.9,3000,131886,0,0,0,131687,3000.3,2874.2,127,13
48.0,3000,134909,0,0,0,134909,2995.3,3124.3,-6,13
49.0,4000,138904,0,0,0,138904,3962.9,3964.8,-8,13
50.0,4000,143249,124,0,124,142943,4000.0,4002.0,-10,13
51.1,4000,147271,124,0,124,147271,4000.9,3999.1,-8,13
52.1,4000,151307,124,0,124,151303,3999.0,3995.0,-4,13
53.1,4000,155644,124,0,124,155118,4002.1,3790.5,209,13
54.2,4000,159685,124,0,124,159440,3999.0,3980.6,229,13
55.2,4000,164047,254,0,254,163679,3998.4,4201.6,24,14
56.3,4000,168082,254,0,254,167850,4004.9,3823.4,222,14
57.3,4000,172119,254,0,254,172109,3996.3,4222.4,-6,14
58.3,4000,176142,254,0,254,176142,3998.3,4000.3,-8,14
59.3,4000,180445,2,0,2,180124,3997.8,3943.3,47,14
60.4,4000,184482,2,0,2,184481,4006.2,4055.5,-6,14
61.4,4000,188498,2,0,2,188498,3996.1,3997.1,-7,14
62.4,4000,192526,2,0,2,192526,4001.3,4002.3,-8,14
63.4,4000,196847,2,0,2,196373,3993.2,3823.3,163,14
64.5,4000,200869,0,0,0,200869,4005.1,4162.4,-7,15
65.5,4000,204893,0,0,0,204890,4005.3,3998.3,0,15
66.5,4000,208920,0,0,0,208919,3998.0,4002.0,-4,15
67.5,4000,212955,0,0,0,212955,3999.8,4002.8,-7,15
68.5,4000,216992,0,0,0,216992,4002.1,4001.1,-6,15
69.5,4000,221014,3,0,3,221012,3999.8,3995.8,-2,15
70.5,4000,225044,3,0,3,225037,4000.4,3998.4,0,15
71.5,4000,229075,3,0,3,229021,3991.2,3950.6,41,15
72.5,4000,233112,3,0,3,233089,4007.9,4036.7,12,15
73.5,4000,237243,3,0,3,237089,3997.3,3978.4,31,15
74.6,4000,241280,1,0,1,241278,3997.7,4034.3,-7,16
75.6,4000,245330,1,0,1,245322,4005.3,3998.3,0,16
76.6,4000,249353,1,0,1,249353,3995.0,4004.9,-10,16
77.6,4000,253419,1,0,1,253413,4001.8,4005.7,-14,16
78.6,4000,257429,1,0,1,257429,4001.0,3991.0,-4,16
79.6,4000,261644,4,0,4,261504,4001.9,4027.6,-30,16
80.7,4000,265688,4,0,4,265688,3995.3,3976.2,-10,16
81.7,4000,269744,4,0,4,269744,3999.6,4000.6,-11,16
82.7,4000,273770,4,0,4,273766,4006.9,3996.0,0,16
83.7,4000,277803,4,0,4,277766,3993.3,3966.6,27,16
84.7,4000,281832,203,0,203,281832,4000.4,4037.1,-10,16
85.7,4000,285880,203,0,203,285845,4002.7,3972.0,21,16
86.7,4000,289913,203,0,203,289756,4003.6,3876.7,149,16
87.7,4000,293969,203,0,203,293885,3998.8,4071.8,75,16
88.8,4000,298020,203,0,203,297772,3992.8,3834.9,235,16
89.8,4000,302056,0,0,0,301875,4006.4,4067.8,173,16
90.8,4000,306108,0,0,0,306101,3995.0,4169.6,-4,16
91.8,4000,310141,0,0,0,310141,3999.4,4004.4,-9,16
92.8,4000,314446,0,0,0,314001,4006.6,3801.7,199,16
93.9,5000,319319,0,0,0,319141,4796.8,4829.7,164,16
94.9,5000,324382,153,0,153,324372,5001.3,5165.2,-2,16
95.9,5000,329790,153,0,153,329001,4993.9,4587.6,408,16
97.0,5000,334836,153,0,153,334493,5007.2,5079.3,330,16
98.0,5000,339880,153,0,153,339880,4997.6,5337.5,-13,16
99.0,5000,345298,153,0,153,344885,5003.6,4931.6,60,16
100.1,5000,350335,249,0,249,350247,5005.3,4983.0,84,16
101.1,5000,355361,249,0,249,355361,4992.3,5087.8,-12,16
102.1,5000,360402,249,0,249,360402,5004.1,4998.2,-6,16
103.1,5000,365802,249,0,249,365426,4993.7,5002.7,-15,16
104.2,5000,370831,249,0,249,370729,5000.6,4904.4,89,16
105.2,5000,376299,189,0,189,375890,5004.0,5095.8,-4,16
106.3,5000,381322,189,0,189,381221,5000.8,4907.8,97,16
107.3,5000,386798,189,0,189,386388,4995.3,5114.1,-23,16
108.4,5000,391845,189,0,189,391836,5003.6,4978.9,4,16
109.4,5000,396919,249,0,249,396893,5002.5,4990.6,16,16
110.4,5000,402299,249,0,249,401945,4995.5,5001.4,10,16
111.5,5000,407334,249,0,249,407316,5002.1,5004.0,8,16
112.5,5000,412398,249,0,249,412396,4998.8,5015.6,-9,16
113.5,5000,417798,249,0,249,417155,4998.1,4731.6,259,16
114.6,5000,422862,365,0,365,422862,4996.3,5247.3,-14,16
115.6,5000,428326,365,0,365,427924,5003.4,4999.5,-10,16
116.7,5000,433353,365,0,365,433346,5004.4,4998.8,-4,16
117.7,5000,438799,365,0,365,438255,4994.7,4840.9,152,16
118.8,5000,443851,365,0,365,443851,4998.2,5149.1,-12,16
119.8,5000,448878,355,0,355,448876,5003.5,5001.5,-10,16
120.8,5000,453924,355,0,355,453912,4999.1,4989.2,0,16
121.8,5000,458958,355,0,355,458938,4999.7,4990.8,9,16
122.8,5000,464304,355,0,355,463917,5001.5,4937.1,74,16
123.9,5000,469331,355,0,355,469199,5002.9,4959.7,120,16
124.9,5000,474394,408,0,408,474394,4995.1,5125.4,-12,16
125.9,5000,479809,408,0,408,479192,4995.6,4731.3,256,16
127.0,5000,484846,408,0,408,484811,5005.2,5219.8,25,16
128.0,5000,489919,408,0,408,489888,5004.9,5009.8,20,16
129.0,5000,494973,408,0,408,494896,4993.2,4948.8,65,16
130.0,5000,500307,318,0,318,499954,5002.7,5014.6,53,16
131.1,5000,505329,318,0,318,505299,4999.1,5029.2,21,16
132.1,5000,510373,318,0,318,510373,4999.0,5032.7,-13,16
133.1,5000,515400,318,0,318,515398,5001.3,4995.4,-7,16
134.1,5000,520798,318,0,318,520422,4999.4,5001.4,-9,16
135.2,5000,525844,116,0,116,525742,5004.2,4916.4,86,16
136.2,5000,531299,116,0,116,530727,4999.1,4943.5,142,16
137.3,5000,536360,116,0,116,536358,4998.0,5135.7,-9,16
138.3,6000,542146,116,0,116,541579,5267.0,5161.3,98,16
139.4,6000,548178,335,0,335,547505,5999.7,5482.6,657,16
140.4,6000,554755,335,0,335,553546,5996.8,5965.2,689,16
141.5,6000,560781,335,0,335,559675,6001.1,5633.5,1089,16
142.5,6000,566847,335,0,335,565874,6008.5,6130.1,966,16
143.5,6000,572885,335,0,335,571978,5994.8,6067.4,893,16
144.5,6000,579347,979,0,979,577786,6002.1,5783.1,1113,16
145.6,6000,585378,979,0,979,583569,5993.8,5363.2,1793,16
146.6,6000,591948,979,0,979,589511,6003.6,5903.3,1894,16
147.7,6000,598015,979,0,979,595826,6000.1,5745.4,2174,16
148.7,6000,604557,979,0,979,602251,6002.7,6343.3,1829,16
149.8,6000,610608,1934,0,1934,608374,5999.0,5639.0,2220,16
150.8,6000,617155,1934,0,1934,614439,5997.2,5987.3,2230,16
151.9,6000,623191,1934,0,1934,620373,5999.6,5472.2,2802,16
152.9,6000,629759,1934,0,1934,626577,6001.6,6131.0,2671,16
154.0,6000,635837,1934,0,1934,633072,5998.6,5927.4,2749,16
155.0,6000,642346,2969,0,2969,639112,6000.7,5993.8,2756,16
156.1,6000,648945,2969,0,2969,645652,6000.5,5996.0,2761,16
157.2,6000,654976,2969,0,2969,652220,6001.3,6013.2,2748,16
158.2,6000,661547,2969,0,2969,658786,5996.8,6477.2,2261,16
159.3,6000,667601,2356,0,2356,665241,5999.6,5925.3,2342,16
160.3,6000,674150,2356,0,2356,671139,6004.2,5834.1,2514,16
161.4,6000,680207,2356,0,2356,677653,5995.4,5975.2,2536,16
162.4,6000,686749,2356,0,2356,683649,6001.3,5917.5,2621,16
163.5,6000,693358,2356,0,2356,690966,6000.0,6702.6,1854,16
164.6,6000,699961,2498,0,2498,697296,6005.6,5749.5,2136,16
165.7,6000,705983,2498,0,2498,702123,6000.5,4424.7,3855,16
166.7,6000,712019,2498,0,2498,708618,5994.2,6459.6,3387,16
167.7,6000,718556,2498,0,2498,714817,6001.6,6162.7,3225,16
168.8,6000,724595,2498,0,2498,721412,6002.9,6054.3,3169,16
169.8,6000,731154,3266,0,3266,727432,5993.8,5978.9,3184,16
170.9,6000,737186,3266,0,3266,733760,6001.1,5795.1,3409,16
171.9,6000,743752,3266,0,3266,740383,6001.1,6534.9,2868,16
173.0,6000,749786,3266,0,3266,746845,6006.1,5944.4,2935,16
174.0,6000,756357,3266,0,3266,753473,6000.1,6532.3,2395,16
175.1,6000,762396,2590,0,2590,760028,5996.8,6033.6,2355,16
176.1,6000,768428,2590,0,2590,765853,5995.6,5792.8,2559,16
177.1,6000,774951,2590,0,2590,772398,6000.6,6506.6,2050,16
178.2,6000,781015,2590,0,2590,778542,5997.8,5623.5,2459,16
179.2,6000,787542,2590,0,2590,784481,6002.8,5863.6,2600,16
180.3,6000,793591,2905,0,2905,790736,5997.7,5778.8,2837,16
181.3,6000,800143,2905,0,2905,797125,6002.3,6320.9,2515,16
182.4,6000,806184,2905,0,2905,803496,5996.2,5853.8,2670,16
183.4,7000,813185,2905,0,2905,809820,6361.3,6256.5,2776,16
184.5,7000,820256,4229,229,4000,816105,7003.9,5749.7,4147,16
185.5,7000,827910,4229,229,4000,821769,6998.7,5587.9,5577,16
186.6,7000,835008,4229,229,4000,828047,6998.4,5747.8,6943,16
187.6,7000,842606,4229,229,4000,834512,7002.5,6388.8,7564,16
188.7,7000,849652,4229,229,4000,840185,6990.4,5249.1,9446,16
189.7,7000,857299,10844,6844,4000,845728,7003.2,5462.8,11009,16
190.8,7000,865003,10844,6844,4000,852801,7002.6,6492.3,11565,16
191.9,7000,872050,10844,6844,4000,860859,6993.7,7355.1,11169,16
192.9,7000,879701,10844,6844,4000,867764,7005.7,6823.9,11353,16
194.0,7000,886726,10844,6844,4000,873511,7000.1,5299.6,13197,16
195.0,7000,894415,13573,9573,4000,880342,7008.0,6756.7,13451,16
196.1,7000,901453,13573,9573,4000,886354,6987.4,5499.2,15078,16
197.1,7000,909099,13573,9573,4000,892255,7000.6,5829.0,16264,16
198.2,7000,916175,13573,9573,4000,898043,7002.1,5323.6,18089,16
199.2,7000,923286,13573,9573,4000,904098,7007.1,5944.0,19172,16
200.2,7000,930797,19714,15714,4000,909689,6997.5,5559.6,20618,16
201.3,7000,937852,19714,15714,4000,915883,6998.4,5761.3,21948,16
202.3,7000,944909,19714,15714,4000,922134,6998.7,6200.2,22753,16
203.3,7000,952501,19714,15714,4000,928202,6999.6,6011.9,23750,16
204.4,7000,959579,24382,20382,4000,935418,6994.9,6639.7,24136,16
205.4,7000,967209,24382,20382,4000,940729,7007.2,5249.7,25914,16
206.5,7000,974248,24382,20382,4000,946362,7002.0,5199.4,27867,16
207.5,7000,981346,24382,20382,4000,952618,7004.7,6165.9,28718,16
208.5,7000,988438,24382,20382,4000,958120,6993.9,5429.0,30304,16
209.5,7000,995481,30069,26069,4000,964478,6997.1,6320.1,30985,16
210.5,7000,1002900,30069,26069,4000,970839,7006.8,6277.5,31724,16
211.6,7000,1009979,30069,26069,4000,977418,6991.9,6219.6,32541,16
212.6,7000,1017627,30069,26069,4000,984118,7007.9,6624.3,32929,16
213.7,7000,1025300,30069,26069,4000,989757,6997.6,5158.8,34939,16
214.8,7000,1032386,34203,30203,4000,996183,6996.1,5861.4,36183,16
215.8,7000,1040004,34203,30203,4000,1002350,7006.0,6076.8,37126,16
216.9,7000,1047697,34203,30203,4000,1008818,6990.0,5941.8,38267,16
218.0,7000,1054741,34203,30203,4000,1015001,7005.9,5673.5,39719,16
219.0,7000,1061772,34203,30203,4000,1020975,6996.0,5943.4,40777,16
220.0,7000,1069422,39908,35908,4000,1026729,7009.9,5675.4,42130,16
221.1,7000,1077097,39908,35908,4000,1032609,6995.0,5419.1,43840,16
222.2,7000,1084139,39908,35908,4000,1038736,6999.7,5585.7,45391,16
223.2,7000,1091813,39908,35908,4000,1045251,7001.3,6458.0,45939,16
224.3,7000,1098848,39908,35908,4000,1051391,6997.1,5626.3,47435,16
225.3,7000,1106504,46243,42243,4000,1057524,7011.8,6098.1,48354,16
226.4,7000,1113540,46243,42243,4000,1064070,6993.6,5986.7,49455,16
227.4,7000,1120629,46243,42243,4000,1070795,7003.7,6633.8,49830,16
228.4,0,1124960,46243,42243,4000,1076726,4297.3,5879.4,48234,16
229.4,0,1124960,48660,44660,4000,1082383,0.0,5599.6,42577,16
230.5,0,1124960,48660,44660,4000,1089094,0.0,6250.4,35866,16
231.5,0,1124960,48660,44660,4000,1095111,0.0,5943.3,29849,16
232.6,0,1124960,48660,44660,4000,1101055,0.0,5479.0,23905,16
233.6,0,1124960,48660,44660,4000,1107220,0.0,6124.5,17740,16
234.6,0,1124960,18789,14789,4000,1113047,0.0,5771.4,11913,16
235.7,0,1124960,18789,14789,4000,1118769,0.0,5277.6,6191,16
236.7,0,1124960,18789,14789,4000,1124960,0.0,6115.0,0,16
237.7,0,1124960,18789,14789,4000,1124960,0.0,0.0,0,16
238.7,0,1124960,18789,14789,4000,1124960,0.0,0.0,0,16
239.7,0,1124960,0,0,0,1124960,0.0,0.0,0,16
240.7,0,1124960,0,0,0,1124960,0.0,0.0,0,16
241.8,0,1124960,0,0,0,1124960,0.0,0.0,0,16
242.8,0,1124960,0,0,0,1124960,0.0,0.0,0,16
243.8,0,1124960,0,0,0,1124960,0.0,0.0,0,16
